id,name,phone,email
1,John Doe,123-456-7890,john@gmail.com
2,Jane Smith,987-654-3210,jane@gmail.com
3,Alice Johnson,555-123-4567,alice@gmail.com
4,Bob Brown,444-555-6666,bob@gmail.com
5,Charlie Green,222-333-4444,charlie@gmail.com
6,Emily White,333-222-1111,emily@gmail.com
7,David Black,111-222-3333,david@gmail.com
8,Susan Blue,888-999-0000,susan@gmail.com
9,Michael Gray,777-888-9999,michael@gmail.com
10,Linda Red,666-777-8888,linda@gmail.com
11,Kevin Orange,555-666-7777,kevin@gmail.com
12,Nancy Purple,444-555-6666,nancy@gmail.com
13,Steven Yellow,333-444-5555,steven@gmail.com
14,Laura Pink,222-333-4444,laura@gmail.com
15,Frank Silver,111-222-3333,frank@gmail.com
16,Grace Gold,999-888-7777,grace@gmail.com
17,Henry Bronze,888-777-6666,henry@gmail.com
18,Olivia Violet,777-666-5555,olivia@gmail.com
19,Peter Indigo,666-555-4444,peter@gmail.com
20,Chloe Aqua,555-444-3333,chloe@gmail.com
21,Jack Lime,444-333-2222,jack@gmail.com
22,Megan Teal,333-222-1111,megan@gmail.com
23,Oscar Navy,222-111-0000,oscar@gmail.com
24,Paula Coral,111-000-9999,paula@gmail.com
25,Quinn Jade,000-999-8888,quinn@gmail.com
26,Rachel Ruby,999-888-7777,rachel@gmail.com
27,Sam Amber,888-777-6666,sam@gmail.com
28,Tina Pearl,777-666-5555,tina@gmail.com
29,Victor Onyx,666-555-4444,victor@gmail.com
30,Wendy Opal,555-444-3333,wendy@gmail.com